{
    "oneQubitNorms": {
        "0": {
            "gpi2(0, [0.7853981633974483])": {
                "one_norm": 0.11959619405043204,
                "inf_norm": 0.18400961124551957,
                "two_norm": 0.1092969518959952,
                "time (s)": 44.67155513726175
            },
            "gpi2(0, [1.0471975511965976])": {
                "one_norm": 0.1373770994681342,
                "inf_norm": 0.1634416483537064,
                "two_norm": 0.10607179548539701,
                "time (s)": 46.92779120802879
            }
        },
        "1": {
            "gpi2(1, [0.7853981633974483])": {
                "one_norm": 0.22735323481098307,
                "inf_norm": 0.26627503691887666,
                "two_norm": 0.1792115244448075,
                "time (s)": 40.92193664610386
            },
            "gpi2(1, [1.0471975511965976])": {
                "one_norm": 0.21418390261260095,
                "inf_norm": 0.3479803156066306,
                "two_norm": 0.21289807768313448,
                "time (s)": 35.9862061124295
            }
        }
    },
    "twoQubitNorms": {
        "0_1": {
            "cz(0, 1, [])": {
                "one_norm": 0.4072393996204666,
                "inf_norm": 0.06862096216558511,
                "two_norm": 0.1258512927059847,
                "time (s)": 690.0407186504453
            }
        }
    }
}