{
    "oneQubitNorms": {
        "0": {
            "gpi2(0, [0.7853981633974483])": {
                "one_norm": 0.7212647179580574,
                "inf_norm": 0.6804487651264779,
                "two_norm": 0.4797840326521599,
                "time (s)": 0.005399708170443773
            },
            "gpi2(0, [1.0471975511965976])": {
                "one_norm": 0.6859119641711814,
                "inf_norm": 0.580835492183809,
                "two_norm": 0.45531772573030826,
                "time (s)": 0.005493207834661007
            }
        },
        "1": {
            "gpi2(1, [0.7853981633974483])": {
                "one_norm": 0.7466706322936754,
                "inf_norm": 0.6364985873064534,
                "two_norm": 0.4858979244799198,
                "time (s)": 0.005232415860518813
            },
            "gpi2(1, [1.0471975511965976])": {
                "one_norm": 0.7504723859074722,
                "inf_norm": 0.5937289204275455,
                "two_norm": 0.4769414754259535,
                "time (s)": 0.00543962512165308
            }
        }
    },
    "twoQubitNorms": {
        "0_1": {
            "cz(0, 1, [])": {
                "one_norm": 0.9156740853032123,
                "inf_norm": 0.5223679868214204,
                "two_norm": 0.536659599994295,
                "time (s)": 0.16684891609475017
            }
        }
    }
}