{
    "oneQubitNorms": {
        "0": {
            "gpi2(0, [0.7853981633974483])": {
                "one_norm": 0.6354256782218626,
                "inf_norm": 0.6191434270211942,
                "two_norm": 0.4618354962049007,
                "time (s)": 0.005604792153462768
            },
            "gpi2(0, [1.0471975511965976])": {
                "one_norm": 0.6649207847294589,
                "inf_norm": 0.5827675728869209,
                "two_norm": 0.4621328240330349,
                "time (s)": 0.0054534578230232
            }
        },
        "1": {
            "gpi2(1, [0.7853981633974483])": {
                "one_norm": 0.7942401151913397,
                "inf_norm": 0.6588597045462787,
                "two_norm": 0.5027924673034624,
                "time (s)": 0.005484707886353135
            },
            "gpi2(1, [1.0471975511965976])": {
                "one_norm": 0.7253406746011983,
                "inf_norm": 0.5718083320930746,
                "two_norm": 0.4516721183482878,
                "time (s)": 0.005689291981980205
            }
        }
    },
    "twoQubitNorms": {
        "0_1": {
            "cz(0, 1, [])": {
                "one_norm": 0.6578844587484076,
                "inf_norm": 0.49896791138206775,
                "two_norm": 0.5015938569904969,
                "time (s)": 0.17804979090578854
            }
        }
    }
}