{
    "oneQubitNorms": {
        "0": {
            "gpi2(0, [0.7853981633974483])": {
                "one_norm": 0.05087502285780254,
                "inf_norm": 0.06924353687141235,
                "two_norm": 0.0434030936130112,
                "time (s)": 0.003995082999608712
            },
            "gpi2(0, [1.0471975511965976])": {
                "one_norm": 0.02030706281398631,
                "inf_norm": 0.03592814291390245,
                "two_norm": 0.022301569505221205,
                "time (s)": 0.004236458000377752
            }
        },
        "1": {
            "gpi2(1, [0.7853981633974483])": {
                "one_norm": 0.035852943844677965,
                "inf_norm": 0.06150345248397795,
                "two_norm": 0.03427265355432864,
                "time (s)": 0.004022667002573144
            },
            "gpi2(1, [1.0471975511965976])": {
                "one_norm": 0.03415840800560076,
                "inf_norm": 0.03722193536732312,
                "two_norm": 0.0281099035640235,
                "time (s)": 0.004095791999134235
            }
        }
    },
    "twoQubitNorms": {
        "0_1": {
            "cz(0, 1, [])": {
                "one_norm": 0.2391400837048666,
                "inf_norm": 0.037084830345072796,
                "two_norm": 0.07176245668929478,
                "time (s)": 0.12263141600124072
            }
        }
    }
}