{
    "final_loss": 0.00795443088169567,
    "duration": 7.813397407531738,
    "x_train": [
        [
            0.0
        ],
        [
            0.4487989505128276
        ],
        [
            0.8975979010256552
        ],
        [
            1.3463968515384828
        ],
        [
            1.7951958020513104
        ],
        [
            2.243994752564138
        ],
        [
            2.6927937030769655
        ],
        [
            3.141592653589793
        ],
        [
            3.5903916041026207
        ],
        [
            4.039190554615448
        ],
        [
            4.487989505128276
        ],
        [
            4.9367884556411035
        ],
        [
            5.385587406153931
        ],
        [
            5.834386356666759
        ],
        [
            6.283185307179586
        ]
    ],
    "y_train": [
        [
            -1.0
        ],
        [
            -0.6690590620826266
        ],
        [
            0.09959177339033909
        ],
        [
            0.7972844918308672
        ],
        [
            1.0
        ],
        [
            0.6675880053622869
        ],
        [
            0.1517192739334512
        ],
        [
            -0.08900477557347353
        ],
        [
            0.1517192739334512
        ],
        [
            0.6675880053622865
        ],
        [
            1.0
        ],
        [
            0.7972844918308672
        ],
        [
            0.09959177339033931
        ],
        [
            -0.6690590620826262
        ],
        [
            -1.0
        ]
    ],
    "predictions": [
        [
            -0.9199999999999999
        ],
        [
            -0.652
        ],
        [
            0.014000000000000012
        ],
        [
            0.688
        ],
        [
            0.9199999999999999
        ],
        [
            0.6020000000000001
        ],
        [
            0.02200000000000002
        ],
        [
            -0.266
        ],
        [
            0.06
        ],
        [
            0.6719999999999999
        ],
        [
            0.976
        ],
        [
            0.692
        ],
        [
            0.0020000000000000018
        ],
        [
            -0.664
        ],
        [
            -0.916
        ]
    ],
    "err": [
        [
            0.007999999999999896
        ],
        [
            0.02399999999999991
        ],
        [
            0.02200000000000002
        ],
        [
            0.01200000000000001
        ],
        [
            0.009999999999999953
        ],
        [
            0.02200000000000002
        ],
        [
            0.021999999999999964
        ],
        [
            0.032
        ],
        [
            0.027999999999999997
        ],
        [
            0.02199999999999991
        ],
        [
            0.008000000000000007
        ],
        [
            0.020000000000000018
        ],
        [
            0.03200000000000003
        ],
        [
            0.039999999999999925
        ],
        [
            0.017999999999999905
        ]
    ]
}