{
    "oneQubitNorms": {
        "0": {
            "gpi2(0, [0.7853981633974483])": {
                "one_norm": 0.04140466953913732,
                "inf_norm": 0.06780569809837035,
                "two_norm": 0.03976349636255234,
                "time (s)": 0.0029504999984055758
            },
            "gpi2(0, [1.0471975511965976])": {
                "one_norm": 0.04447486738100256,
                "inf_norm": 0.06312138843347818,
                "two_norm": 0.038232557244562364,
                "time (s)": 0.0029178329277783632
            }
        },
        "1": {
            "gpi2(1, [0.7853981633974483])": {
                "one_norm": 0.04022389849078423,
                "inf_norm": 0.07061054033691347,
                "two_norm": 0.04084610723152387,
                "time (s)": 0.0029551249463111162
            },
            "gpi2(1, [1.0471975511965976])": {
                "one_norm": 0.035117419001355996,
                "inf_norm": 0.049888885513223846,
                "two_norm": 0.03202635210029935,
                "time (s)": 0.002897709026001394
            }
        }
    },
    "twoQubitNorms": {
        "0_1": {
            "cz(0, 1, [])": {
                "one_norm": 0.21838703553464245,
                "inf_norm": 0.030942935239717015,
                "two_norm": 0.06587451887776244,
                "time (s)": 0.09009725006762892
            }
        }
    }
}