{
    "oneQubitNorms": {
        "0": {
            "gpi2(0, [0.7853981633974483])": {
                "one_norm": 0.03678024129569095,
                "inf_norm": 0.04940290780151255,
                "two_norm": 0.02768478407791649,
                "time (s)": 0.003011625027284026
            },
            "gpi2(0, [1.0471975511965976])": {
                "one_norm": 0.03271038900019324,
                "inf_norm": 0.04555139965460986,
                "two_norm": 0.02977533087531596,
                "time (s)": 0.0029332090634852648
            }
        },
        "1": {
            "gpi2(1, [0.7853981633974483])": {
                "one_norm": 0.04152021113279347,
                "inf_norm": 0.04441041033032578,
                "two_norm": 0.029172508401430253,
                "time (s)": 0.002967208973132074
            },
            "gpi2(1, [1.0471975511965976])": {
                "one_norm": 0.061933276136655446,
                "inf_norm": 0.06826933463276892,
                "two_norm": 0.04832711630908009,
                "time (s)": 0.00293216691352427
            }
        }
    },
    "twoQubitNorms": {
        "0_1": {
            "cz(0, 1, [])": {
                "one_norm": 0.09565641967463712,
                "inf_norm": 0.02193056354397925,
                "two_norm": 0.03241829161819607,
                "time (s)": 0.09006683295592666
            }
        }
    }
}