{
    "oneQubitNorms": {
        "0": {
            "gpi2(0, [0.7853981633974483])": {
                "one_norm": 0.045507077134856355,
                "inf_norm": 0.05256627854248111,
                "two_norm": 0.03308852835015773,
                "time (s)": 0.004345791996456683
            },
            "gpi2(0, [1.0471975511965976])": {
                "one_norm": 0.0526385906148108,
                "inf_norm": 0.05924337103134347,
                "two_norm": 0.03668959537490164,
                "time (s)": 0.004282708003302105
            }
        },
        "1": {
            "gpi2(1, [0.7853981633974483])": {
                "one_norm": 0.041750417995211175,
                "inf_norm": 0.054989190450885184,
                "two_norm": 0.04272241783949331,
                "time (s)": 0.00408495900046546
            },
            "gpi2(1, [1.0471975511965976])": {
                "one_norm": 0.03881329349278774,
                "inf_norm": 0.058674136049647385,
                "two_norm": 0.03359822720844246,
                "time (s)": 0.004217958005028777
            }
        }
    },
    "twoQubitNorms": {
        "0_1": {
            "cz(0, 1, [])": {
                "one_norm": 0.10992576436185274,
                "inf_norm": 0.017574511959487223,
                "two_norm": 0.030996048760856862,
                "time (s)": 0.13156549999985145
            }
        }
    }
}