{
    "\"fidelity\"": {
        "0": 0.9968107433727403,
        "1": 0.9593435189907584,
        "2": 0.9982709791585602,
        "3": 0.9803435089015975,
        "4": 0.9874969773412651,
        "5": 0.9902204348047842,
        "6": 0.9913900206462392,
        "7": 0.9850353356967507,
        "8": 0.9908297578840228,
        "9": 0.966076286955462,
        "10": 0.9962005525911224,
        "11": 0.9720834865040242,
        "12": 0.9948857389332549,
        "13": 0.996126516221238,
        "14": 0.7302542751993337,
        "15": 0.7341483588288653,
        "16": 0.989918589861921,
        "17": 0.9825136502608607,
        "18": 0.7355523566393011,
        "19": 0.9897164807294659
    },
    "\"pulse_fidelity\"": {
        "0": 0.9982990631321281,
        "1": 0.9783165434617378,
        "2": 0.9990778555512321,
        "3": 0.989516538080852,
        "4": 0.9933317212486747,
        "5": 0.9947842318958849,
        "6": 0.9954080110113276,
        "7": 0.9920188457049337,
        "8": 0.9951092042048122,
        "9": 0.9819073530429131,
        "10": 0.9979736280485986,
        "11": 0.9851111928021463,
        "12": 0.9972723940977359,
        "13": 0.9979341419846602,
        "14": 0.8561356134396447,
        "15": 0.8582124580420615,
        "16": 0.9946232479263579,
        "17": 0.9906739468057923,
        "18": 0.8589612568742939,
        "19": 0.9945154563890485
    },
    "\"fit_parameters\"": {
        "0": [
            0.4270282727178046,
            0.9936214867454807,
            0.5345779403705868
        ],
        "1": [
            0.553853664491934,
            0.9186870379815167,
            0.48078050964186486
        ],
        "2": [
            0.9728025968847008,
            0.9965419583171204,
            1.3201093186252996e-16
        ],
        "3": [
            0.47693464103841365,
            0.960687017803195,
            0.5024156639517933
        ],
        "4": [
            0.6528946651162936,
            0.9749939546825301,
            0.3583460331687277
        ],
        "5": [
            0.4289593563632765,
            0.9804408696095683,
            0.5481512268728952
        ],
        "6": [
            0.4970246206687209,
            0.9827800412924783,
            0.47266965492617397
        ],
        "7": [
            0.6206144514899501,
            0.9700706713935016,
            0.37385893905431117
        ],
        "8": [
            0.6532878609960969,
            0.9816595157680458,
            0.35095626165159227
        ],
        "9": [
            0.45330568577557984,
            0.932152573910924,
            0.48135291230904653
        ],
        "10": [
            0.7528048672503044,
            0.9924011051822447,
            0.2136768213032299
        ],
        "11": [
            0.5345719309671663,
            0.9441669730080485,
            0.48084113487092556
        ],
        "12": [
            0.9891890365716867,
            0.9897714778665099,
            0.00496712689124345
        ],
        "13": [
            0.6265906610851222,
            0.9922530324424761,
            0.36854013879596215
        ],
        "14": [
            0.43456751839476115,
            0.46050855039866756,
            0.7779777374736772
        ],
        "15": [
            0.9693836830168394,
            0.46829671765773057,
            0.5074407977765256
        ],
        "16": [
            0.9066623187404567,
            0.9798371797238421,
            0.10415738688234788
        ],
        "17": [
            0.6138177632185994,
            0.9650273005217215,
            0.36681069890381757
        ],
        "18": [
            0.3527868327287445,
            0.47110471327860215,
            0.7764001512151414
        ],
        "19": [
            0.5234611889665138,
            0.9794329614589319,
            0.466091547634165
        ]
    },
    "\"fit_uncertainties\"": {
        "0": [
            0.07049399675476427,
            0.0015283914996527756,
            0.0712823727897375
        ],
        "1": [
            0.007360803976180351,
            0.006707178087342643,
            0.0076219225996173555
        ],
        "2": [
            0.5373661498178193,
            0.0025710823204105108,
            0.540202611763818
        ],
        "3": [
            0.007139334181511237,
            0.003754055999863709,
            0.004139949090607729
        ],
        "4": [
            0.014359134132671723,
            0.0031892274084639365,
            0.015315671583482779
        ],
        "5": [
            0.09339209736668697,
            0.009558531032341845,
            0.09440535053355797
        ],
        "6": [
            0.0730299411596279,
            0.00578005320719138,
            0.07414119884151092
        ],
        "7": [
            0.01933069347054936,
            0.007804639814067773,
            0.0170361679769961
        ],
        "8": [
            0.029306899440094094,
            0.0025477765511054333,
            0.03009797880348129
        ],
        "9": [
            0.010835551320241122,
            0.013142032472963392,
            0.010724714734446162
        ],
        "10": [
            0.2967045442451731,
            0.0048379899476136985,
            0.29912490344912335
        ],
        "11": [
            0.006243940870786268,
            0.007045521213643421,
            0.0058785347722116995
        ],
        "12": [
            0.15204198937430202,
            0.0033053492916786087,
            0.15405853175664863
        ],
        "13": [
            0.22138460644773797,
            0.004086707830380162,
            0.22233506123418129
        ],
        "14": [
            29612.489116400233,
            31380.17745786514,
            0.008651802751737459
        ],
        "15": [
            22199.85377912157,
            10724.464093544428,
            0.010038426910819733
        ],
        "16": [
            0.007023532073233541,
            0.000764143172737077,
            0.00740131181357707
        ],
        "17": [
            0.010820142289568794,
            0.004863670911167214,
            0.010778032455329984
        ],
        "18": [
            31595.76586032718,
            42192.378789638846,
            0.010349692887158965
        ],
        "19": [
            0.05417440402380304,
            0.006843934930000227,
            0.05567399031270638
        ]
    },
    "\"error_bars\"": {
        "0": [
            0.011462547709824357,
            0.023974986965585622,
            0.0594,
            0.03119551249779364,
            0.05544898556330855,
            0.08652144242903029,
            0.04614585571857997,
            0.10355964464983451,
            0.08342925146493885,
            0.09122477733598476
        ],
        "1": [
            0.0037202150475476583,
            0.04933923388136461,
            0.15320610301159676,
            0.1689847330382245,
            0.1328251105777819,
            0.10692141974366033,
            0.07117717330717764,
            0.07756416698450387,
            0.0694146958503745,
            0.06102745283886589
        ],
        "2": [
            0.010478549517943797,
            0.02911545981089774,
            0.04787233021276487,
            0.05372485458333043,
            0.0562610877960958,
            0.05801542898229745,
            0.12639082245163213,
            0.03749453293481597,
            0.018168929522676867,
            0.026970168705441947
        ],
        "3": [
            0.019194790960049533,
            0.08001724814063527,
            0.10492378186092989,
            0.046791452210847226,
            0.051716921795481985,
            0.02956670424649999,
            0.02352785583090818,
            0.024820153101864643,
            0.032990301605168755,
            0.025911194491956575
        ],