{"(1, 0)": -2.1875, "(3, 2)": -2.15234375, "(4, 9)": -2.23828125, "(6, 5)": 2.337890625, "(17, 13)": -2.28515625}