{
    "final_loss": 0.043014562539215435,
    "duration": 23.806387186050415
}